<?xml version="1.0" encoding="UTF-8"?>

<service>

<id>kinokradbot</id>
<label>@string/label</label>
<description>@string/description</description>
<version>0.0.1</version>

<strings>
    <string name="label">The-Cinema</string>
	<string name="description">Лучший кинотеатр для просмотра онлайн-фильмов бесплатно</string>
	<string name="page">Страница</string>
	<string name="search">Поиск</string>
	<string name="search_text">Введите строку поиска</string>
	<string name="newseries">Новые серии</string>
	<string name="genres">Жанры</string>
	<string name="watch">Смотреть</string>
	<string name="trailer">Трейлер</string>
</strings>

</service>