<?xml version="1.0" encoding="UTF-8"?>

<service>

<id>Zfilm</id>
<label>@string/label</label>
<description>@string/description</description>
<version>0.0.1</version>
<author>dimasuhum</author>
 
<strings>
    <string name="label">zfilm</string>
	<string name="description">На нашем сайте zFilm-HD Вы сможете посмотреть фильмы, сериалы и мультфильмы онлайн бесплатно в хорошем HD 720р качестве</string>
	<string name="page">Страница</string>
	<string name="select">Выбор качества</string>
	<string name="search">Поиск</string>
	<string name="search_text">Введите строку поиска</string>
	<string name="newseries">Новые серии</string>
	<string name="genres">Жанры</string>
	<string name="watch">Смотреть</string>
	<string name="trailer">Трейлер</string>
</strings>

</service>