<?xml version="1.0" encoding="UTF-8"?>

<service>

<id>moviebtvm</id>
<label>@string/label</label>
<description>@string/description</description>
<version>0.0.2</version>
<url>http://movie.btvm.online/VOD/spankbang/?ch=cat</url>
<login>@string/login</login>
<password>@string/password</password>

<preferences>
	<item name="id" label="@string/id" summary="@string/id_desc" type="text" />
	<item name="view" label="@string/view" summary="@string/view_summary" type="list" entries="@array/views" values="@array/views_values" />
</preferences>

<strings>
    <string name="label">imboom</string>
	<string name="description">imboom - портал нового поколения V.3.0</string>
    <string name="login">Введите ваш логин</string>
    <string name="password">Введите ваш пароль</string>
</strings>

</service>