<?xml version="1.0" encoding="UTF-8"?>

<service>

<id>zoombi</id>
<label>@string/label</label>
<description>@string/description</description>
<version>0.0.1</version>
<author>dimasuhum</author>


<strings>
    <string name="label">zoombi</string>
	<string name="description">Лучшие сериалы онлайн! Русские и зарубежные сериалы на русском языке в HD качестве!</string>
	<string name="page">Страница</string>
	<string name="search">Поиск</string>
	<string name="search_text">Введите строку поиска</string>
	<string name="newseries">Новые серии</string>
	<string name="genres">Жанры</string>
	<string name="watch">Смотреть</string>
	<string name="trailer">Трейлер</string>
</strings>

</service>