<?xml version="1.0" encoding="UTF-8"?>

<service>

<id>ZETFLIX</id>
<label>@string/label</label>
<description>@string/description</description>
<version>0.0.1</version>
<author>© 2020</author>

<strings>
    <string name="label">zetflix</string>
	<string name="description">В 2020 году Нетфликс порадовал зрителей серией крутых проектов. Смотрите онлайн фильмы и сериалы нетфликс 2020 года бесплатно в хорошем качестве на NETFLIX Russia!</string>
	<string name="page">Страница</string>
	<string name="select">Выбор качества</string>
	<string name="search">Поиск</string>
	<string name="search_text">Введите строку поиска</string>
	<string name="newseries">Новые серии</string>
	<string name="genres">Жанры</string>
	<string name="watch">Смотреть</string>
	<string name="trailer">Трейлер</string>
</strings>

</service>