<?xml version="1.0" encoding="UTF-8"?>

<service>
<id>seasonvar</id>
<label>@string/label</label>
<description>@string/description</description>
<version>0.0.1</version>
<author>© IconBIT 2017</author>

<strings>
    <string name="label">seasonvar.ru</string>
	<string name="description">Сериалы ТУТ! Сериалы онлайн смотреть бесплатно. Смотреть онлайн</string>
	<string name="page">Страница</string>
	<string name="search">Поиск</string>
	<string name="search_text">Введите строку поиска</string>
	<string name="genre">Выберите жанр</string>
	<string name="genres">Жанры</string>
	<string name="watch">Смотреть</string>
	<string name="pages">Страницы</string>
</strings>

</service>