<?xml version="1.0" encoding="UTF-8"?>

<service>

<id>gidonline</id>
<label>@string/label</label>
<description>@string/description</description>
<version>0.0.1</version>
<author>dimasuhum</author>
 
<strings>
    <string name="label">gidonline</string>
	<string name="description">Присоединяйтесь к нам и зовите друзей, чтобы вместе с ГидОнлайн отправиться в волшебный и увлекательный мир кино!</string>
	<string name="page">Страница</string>
	<string name="select">Выбор качества</string>
	<string name="search">Поиск</string>
	<string name="search_text">Введите строку поиска</string>
	<string name="newseries">Новые серии</string>
	<string name="genres">Жанры</string>
	<string name="watch">Смотреть</string>
	<string name="trailer">Трейлер</string>
</strings>

</service>