<?xml version="1.0" encoding="UTF-8"?>

<service>

<id>viptorr</id>
<label>@string/label</label>
<description>@string/description</description>
<version>0.0.1</version>
<author>dimasuhum</author>

<strings>
    <string name="label">nnm-club</string>
	<string name="description">"Скачивайте лучшие русские фильмы 2020 и 2019 года бесплатно через торрент в хорошем качестве HD 1080/720 или Avi. Есть кино про войну, боевики, комедии и др."</string>
	<string name="page">Страница</string>
	<string name="select">Выбор качества</string>
	<string name="search">Поиск</string>
	<string name="search_text">Введите строку поиска</string>
	<string name="newseries">Новые серии</string>
	<string name="genres">Жанры</string>
	<string name="watch">Смотреть</string>
	<string name="open_with">Открыть с помощью</string>
</strings>

</service>