<?xml version="1.0" encoding="UTF-8"?>

<service>

<id>Zagonka</id>
<label>@string/label</label>
<description>@string/description</description>
<version>0.0.1</version>

<strings>
    <string name="label">zagonka.tv</string>
	<string name="description">В онлайн-кинотеатре «Загонка» Вы можете смотреть онлайн или скачивать любые фильмы, сериалы, мультфильмы и мультсериалы в хорошем качестве и совершенно бесплатно!</string>
	<string name="page">Страница</string>
	<string name="search">Поиск</string>
	<string name="search_text">Введите строку поиска</string>
	<string name="newseries">Новые серии</string>
	<string name="genres">Жанры</string>
	<string name="watch">Смотреть</string>
	<string name="trailer">Трейлер</string>
</strings>

</service>