<?xml version="1.0" encoding="UTF-8"?>

<service>

<id>Kinosimka</id>
<label>@string/label</label>
<description>@string/description</description>
<version>0.0.1</version>

<strings>
    <string name="label">kinosimka</string>
	<string name="description">Киносимка - мобильный портал позволяющий скачать фильмы на телефон или планшет в формате мп4. Поддерживаются все современные android и ios устройства.</string>
	<string name="page">Страница</string>
	<string name="search">Поиск</string>
	<string name="search_text">Введите строку поиска</string>
	<string name="newseries">Новые серии</string>
	<string name="genres">Жанры</string>
	<string name="watch">Смотреть</string>
	<string name="trailer">Трейлер</string>
</strings>

</service>