<?xml version="1.0" encoding="UTF-8"?>
<addon>
	<id>hdrezka3</id>
	<label>@string/label</label>
	<summary>@string/summary</summary>
	<version>1.0</version>

	<strings>
		<string name="label">hdrezka.ag</string>
		<string name="summary">Смотреть фильмы и сериалы онлайн в хорошем качестве 720p hd и без регистрации</string>
		<string name="genre">Выберите жанр</string>
		<string name="all">Все</string>
	</strings>

	<!--<extension point="search" if-match="@match-list/ussr">
		<handler action="onCreate?q=search" title="@string/label" icon="icon.png" background="@icons/default.png" priority="70" />
	</extension>-->
</addon>