<?xml version="1.0" encoding="UTF-8"?>

<service>

<id>Kinotochka</id>
<label>@string/label</label>
<description>@string/description</description>
<version>0.0.1</version>

<strings>
    <string name="label">Kinotochka</string>
	<string name="description">У нас вы найдете фильмы онлайн на любой вкус в hd качестве 720 и 1080 FullHD при чем все бесплатные, только лучшие сериалы и мультфильмы.</string>
	<string name="page">Страница</string>
	<string name="search">Поиск</string>
	<string name="search_text">Введите строку поиска</string>
	<string name="newseries">Новые серии</string>
	<string name="genres">Жанры</string>
	<string name="watch">Смотреть</string>
	<string name="trailer">Трейлер</string>
</strings>

</service>