<?xml version="1.0" encoding="UTF-8"?>

<service>

<id>vkpoisk</id>
<label>@string/label</label>
<description>@string/description</description>
<version>0.0.1</version>
<author>© iconBIT 2020</author>

<strings>
    <string name="label">VideoCDN</string>
	<string name="description">Поиск по видеохостингу VideoCDN</string>
	<string name="search_text">Введите строку поиска</string>
	<string name="search_reply">По вашему запросу ничего не найдено!</string>
	<string name="page">Страница</string>
	<string name="serial">Сериал</string>
	<string name="movie">Фильм</string>
</strings>

</service>