<?xml version="1.0" encoding="UTF-8"?>

<service>

<id>JoyFilm</id>
<label>@string/label</label>
<description>@string/description</description>
<version>0.0.1</version>

<strings>
    <string name="label">joyfilm</string>
	<string name="description">JoyFilm - это новинки кино и сериалов. Большая база популярных материалов, в том числе мультфильмы и аниме. JoyFilm - это хорошее качество видео (HD 720 1080), качественная русская озвучка. Бесплатно, без регистрации и смс. Приятного просмотра.</string>
	<string name="page">Страница</string>
	<string name="search">Поиск</string>
	<string name="search_text">Введите строку поиска</string>
	<string name="newseries">Новые серии</string>
	<string name="serials">Сериалы</string>
	<string name="genres">Жанры</string>
	<string name="watch">Смотреть</string>
	<string name="trailer">Трейлер</string>
</strings>

</service>