<?xml version="1.0" encoding="UTF-8"?>

<service>

<id>anwap</id>
<label>@string/label</label>
<description>@string/description</description>
<version>0.0.1</version>
<author>© 2020</author>

<strings>
    <string name="label">m.anwap.bio</string>
	<string name="description">"Анвап - лучший сайт, где можно бесплатно скачать фильмы mp4 и 3gp в отличном качестве, полные и по частям. Ежедневные обновления фильмов!"</string>
	<string name="page">Страница</string>
	<string name="select">Выбор качества</string>
	<string name="search">Поиск</string>
     <string name="/serials/search">Поиск сериалов</string>
	
	<string name="search_text">Введите строку поиска</string>
	<string name="newseries">Новые серии</string>
	<string name="genres">Жанры</string>
	<string name="watch">Смотреть</string>
	<string name="trailer">Трейлер</string>
</strings>

</service>