<?xml version="1.0" encoding="UTF-8"?>

<service>

<id>Kino-History</id>
<label>@string/label</label>
<description>@string/description</description>
<version>0.0.1</version>

<strings>
    <string name="label">Kino-History</string>
	<string name="description">"Более 4500 исторических, страрых и редких фильмов собрана редакцией кинопортала Kino-History. Все фильмы на киносайте можно смотреть онлайн и бесплатно."</string>
	<string name="page">Страница</string>
	<string name="search">Поиск</string>
	<string name="search_text">Введите строку поиска</string>
	<string name="newseries">Новые серии</string>
	<string name="genres">Жанры</string>
	<string name="watch">Смотреть</string>
	<string name="trailer">Трейлер</string>
</strings>

</service>