<?xml version="1.0" encoding="UTF-8"?>

<service>

<id>Octopus1</id>
<label>@string/label</label>
<description>@string/description</description>
<version>0.0.1</version>
<author>© 2020</author>

<strings>
    <string name="label">Octopus</string>
	<string name="description">Самый быстрый торрент трекер с новинками фильмов и сериалов 2018 2019 года, которые можно скачать или смотреть онлайн в хорошем качестве HD на Octopus.</string>
	<string name="page">Страница</string>
	<string name="select">Выбор качества - vk.com</string>
	<string name="search">Поиск</string>
	<string name="search_text">Введите строку поиска</string>
	<string name="newseries">Новые серии</string>
	<string name="genres">Жанры</string>
	<string name="watch">Смотреть</string>
	<string name="trailer">Трейлер</string>
</strings>

</service>