<?xml version="1.0" encoding="UTF-8"?>

<service>

<id>Filmix45</id>
<label>@string/label</label>
<description>@string/description</description>
<version>0.0.2</version>
<author>© IconBIT 2016</author>

<preferences>
	<item name="quali" label="@string/quali" summary="@string/quali_summary" type="list" entries="@array/qualities" values="@array/qualities_values" />
</preferences>

<strings>
    <string name="label">Filmix.net</string>
	<string name="description">Смотреть фильмы и сериалы онлайн бесплатно</string>
	<string name="page">Страница</string>
	<string name="search">Поиск</string>
	<string name="search_text">Введите строку поиска</string>
	<string name="genre">Выберите жанр</string>
	<string name="genres">Жанры</string>
	<string name="years">По годам</string>
	<string name="watch">Смотреть</string>
	<string name="pages">Страницы</string>
	<string name="preferences">Настройки</string>
	<string name="popular">Популярное</string>
	<string name="quali">Качество видео</string>
	<string name="quali_summary">Выберите качество видео</string>
	<string-array name="qualities">
		<item>Авто</item>
		<item>1080P</item>
		<item>720P</item>
		<item>480P</item>
		<item>360P</item>
	</string-array>
	<string-array name="qualities_values">
		<item>auto</item>
		<item>1080</item>
		<item>720</item>
		<item>480</item>
		<item>360</item>
	</string-array>
</strings>

</service>