<?xml version="1.0" encoding="UTF-8"?>

<service>

<id>KADIKAMA</id>
<label>@string/label</label>
<description>@string/description</description>
<version>0.0.1</version>
<author>© 2020</author>


<strings>
    <string name="label">kadikama</string>
	<string name="description">"Посмотрите новые мультфильмы онлайн в хорошем качестве. Большой выбор бесплатных мультиков для детей любого возраста. На любой вкус"</string>
	<string name="page">Страница</string>
	<string name="select">Выбор качества</string>
	<string name="search">Поиск</string>
	<string name="search_text">Введите строку поиска</string>
	<string name="newseries">Новые серии</string>
	<string name="genres">Жанры</string>
	<string name="watch">Смотреть</string>
	<string name="trailer">Трейлер</string>
</strings>

</service>