<?xml version="1.0" encoding="UTF-8"?>

<service>

<id>rezka3</id>
<label>@string/label</label>
<description>@string/description</description>
<version>dimasuhum</version>
<url>http://fxmlparsers.in.net/http://rezka.ag/</url>

<strings>
    <string name="label">totv</string>
	<string name="description">"На нашем сайте ежедневно добавляем десятки новинок, которых нигде нет! Качество фильмов и сериалов можно доступно в HD 720 - 1080 качество без регистрации"</string>
	<string name="page">Страница</string>
	<string name="search">Поиск</string>
	<string name="search_text">Введите строку поиска</string>
	<string name="newseries">Новые серии</string>
	<string name="genres">Жанры</string>
	<string name="watch">Смотреть</string>
	<string name="trailer">Трейлер</string>
</strings>
	<!--<extension point="search" if-match="@match-list/ussr">
		<handler action="onCreate?q=search" title="@string/label" icon="icon.png" background="@icons/default.png" priority="70" />
	</extension>-->
</service>