<?xml version="1.0" encoding="UTF-8"?>

<addon>

<id>filmix13</id>
<label>@string/label</label>
<description>@string/description</description>
<version>1.0</version>

<dependencies>
  <module name="requests" />
</dependencies>

<strings>
    <string name="label">Filmix</string>
	<string name="description">Смотреть фильмы и сериалы онлайн бесплатно</string>
	<string name="page">Страница</string>
	<string name="search">Поиск</string>
	<string name="search_text">Введите строку поиска</string>
	<string name="cat">Разделы</string>
	<string name="watch">Смотреть</string>
	<string name="pages">Страницы</string>
	<string name="preferences">Настройки</string>
	<string name="popular">Популярное</string>
	<string name="top">Топ просмотров</string>
	<string name="select_quality">Выберите качество</string>
	<string name="original_title">Оригинальное название</string>
	<string name="year">Год</string>
	<string name="directors">Режиссер</string>
	<string name="actors">В ролях</string>
	<string name="duration">Продолжительность</string>
	<string name="date">Дата обновления</string>
	<string name="season">Сезон</string>
	<string name="episode">Эпизод</string>
	<string name="movies">Фильмы</string>
	<string name="serials">Сериалы</string>
	<string name="multfilms">Мультфильмы</string>
	<string name="multserials">Мультсериалы</string>
	<string name="filter">Фильтр</string>
	<string name="select_filter">Выберите фильтр</string>
	<string name="all">Все</string>
	<string name="countries">Страна</string>
	<string name="categories">Жанр</string>
	<string name="years">Год</string>
	<string name="rip">Качество</string>
	<string name="translation">Перевод</string>
	<string name="not_available">По вашему запросу ничего не найдено!</string>
</strings>

</addon>