<?xml version="1.0" encoding="UTF-8"?>

<service>

<id>exfs</id>
<label>@string/label</label>
<description>@string/description</description>
<version>0.0.1</version>
<author>© 2020</author>

<strings>
    <string name="label">EX-FS.NET</string>
	<string name="description">Лучшие фильмы, мультфильмы, сериалы, новинки которые уже доступны в 4k ultra hd качестве смотреть онлайн бесплатно можно на нашем сайте 4kfilm.</string>
	<string name="page">Страница</string>
	<string name="select">Выбор качества</string>
	<string name="search">Поиск</string>
	<string name="search_text">Введите строку поиска</string>
	<string name="newseries">Новые серии</string>
	<string name="genres">Жанры</string>
	<string name="watch">Смотреть</string>
	<string name="trailer">Трейлер</string>
</strings>

</service>