<?xml version="1.0" encoding="UTF-8"?>

<service>

<id>TEVAS</id>
<label>@string/label</label>
<description>@string/description</description>
<version>0.0.1</version>

<strings>
    <string name="label">tevas</string>
	<string name="description">Новинки кино и сериалов 2019, 2020 года. Быстро и дружелюбно, для мобильных и планшетов. От создателей TEGOS</string>
	<string name="page">Страница</string>
	<string name="search">Поиск</string>
	<string name="search_text">Введите строку поиска</string>
	<string name="newseries">Новые серии</string>
	<string name="genres">Жанры</string>
	<string name="watch">Смотреть</string>
	<string name="trailer">Трейлер</string>
</strings>

</service>