<?xml version="1.0" encoding="UTF-8"?>

<service>

<id>myseria</id>
<label>@string/label</label>
<description>@string/description</description>
<version>1.0</version>

<strings>
    <string name="label">MySeria.NET</string>
	<string name="description">Смотреть сериалы онлайн, новые серии лучших сериалов бесплатно и в хорошем качестве</string>
	<string name="new">Новинки</string>
	<string name="series">Сериалы</string>
</strings>

</service>